genre,category,sales-category,link,sales-category ID
WOMEN,外套・大衣,大衣・風衣,https://www.gu-global.com/tw/store/feature/gu/women/coat/,0030001
WOMEN,外套・大衣,夾克・外套・背心,https://www.gu-global.com/tw/store/feature/gu/women/jacket/,0030002
WOMEN,外套・大衣,連帽外套,https://www.gu-global.com/tw/store/feature/gu/women/parka/,0030003
WOMEN,外套・大衣,開襟外套,https://www.gu-global.com/tw/store/feature/gu/women/cardigan/,0030004
WOMEN,外套・大衣,防曬抗UV外套,https://www.gu-global.com/tw/store/feature/gu/women/uvcut/,0030005
WOMEN,上衣,針織毛衣・針織系列,https://www.gu-global.com/tw/store/feature/gu/women/knit/,0030006
WOMEN,上衣,休閒上衣・連帽上衣,https://www.gu-global.com/tw/store/feature/gu/women/sweat/,0030007
WOMEN,上衣,襯衫・輕柔襯衫,https://www.gu-global.com/tw/store/feature/gu/women/shirts/,0030008
WOMEN,上衣,連身裙・連身褲,https://www.gu-global.com/tw/store/feature/gu/women/onepiece/,0030009
WOMEN,上衣,長版上衣,https://www.gu-global.com/tw/store/feature/gu/women/tunic/,0030010
WOMEN,上衣,設計上衣,https://www.gu-global.com/tw/store/feature/gu/women/designtops/,0030011
WOMEN,上衣,素面T恤・印花T恤,https://www.gu-global.com/tw/store/feature/gu/women/printT/,0030012
WOMEN,下身,短褲,https://www.gu-global.com/tw/store/feature/gu/women/shortpants/,0030013
WOMEN,下身,裙子,https://www.gu-global.com/tw/store/feature/gu/women/skirt/,0030014
WOMEN,下身,寬褲,https://www.gu-global.com/tw/store/feature/gu/women/widepants/,0030015
WOMEN,下身,牛仔褲・牛仔裙,https://www.gu-global.com/tw/store/feature/gu/women/jeans/,0030016
WOMEN,下身,連身裙・連身褲,https://www.gu-global.com/tw/store/feature/gu/women/onepiece/,0030017
WOMEN,下身,內搭緊身褲・內搭褲・襯裙襯褲,https://www.gu-global.com/tw/store/feature/gu/women/leggingspants/,0030018
WOMEN,下身,七分褲・九分褲,https://www.gu-global.com/tw/store/feature/gu/women/croppedpants/,0030019
WOMEN,下身,休閒褲,https://www.gu-global.com/tw/store/feature/gu/women/relaxedpants/,0030020
WOMEN,下身,長褲,https://www.gu-global.com/tw/store/feature/gu/women/pants/,0030021
WOMEN,家居&内衣,BRA-FEEL 附罩杯上衣,https://www.gu-global.com/tw/store/feature/gu/women/brafeel/,0030022
WOMEN,家居&内衣,內衣(內衣・內褲),https://www.gu-global.com/tw/store/feature/gu/women/underwear/,0030023
WOMEN,家居&内衣,內搭背心・內搭T恤,https://www.gu-global.com/tw/store/feature/gu/women/undershirts/,0030024
WOMEN,家居&内衣,GU DRY・吸汗快乾,https://www.gu-global.com/tw/store/feature/gu/women/gudry/,0030025
WOMEN,家居&内衣,GU WARM・保暖發熱,https://www.gu-global.com/tw/store/feature/gu/women/guwarm/,0030026
WOMEN,家居&内衣,家居全系列(家居服・鞋・小物),https://www.gu-global.com/tw/store/feature/gu/women/roomwear/,0030027
WOMEN,家居&内衣,襪子・褲襪,https://www.gu-global.com/tw/store/feature/gu/women/socks/,0030028
WOMEN,鞋子/配件/飾品,鞋子,https://www.gu-global.com/tw/store/feature/gu/women/shoes/,0030029
WOMEN,鞋子/配件/飾品,包包,https://www.gu-global.com/tw/store/feature/gu/women/bag/,0030030
WOMEN,鞋子/配件/飾品,耳環(針式・夾式),https://www.gu-global.com/tw/store/feature/gu/women/pierce/,0030031
WOMEN,鞋子/配件/飾品,項鍊・手飾・配飾,https://www.gu-global.com/tw/store/feature/gu/women/accessory/,0030032
WOMEN,鞋子/配件/飾品,髮帶・髮圈・髮夾,https://www.gu-global.com/tw/store/feature/gu/women/hairaccessory/,0030033
WOMEN,鞋子/配件/飾品,帽子,https://www.gu-global.com/tw/store/feature/gu/women/hat/,0030034
WOMEN,鞋子/配件/飾品,皮帶・腰帶・腰封,https://www.gu-global.com/tw/store/feature/gu/women/belt/,0030035
WOMEN,鞋子/配件/飾品,圍巾・領巾・手套,https://www.gu-global.com/tw/store/feature/gu/women/scarf/,0030036
WOMEN,鞋子/配件/飾品,眼鏡・太陽眼鏡,https://www.gu-global.com/tw/store/feature/gu/women/glasses/,0030037
MEN,外套・大衣,大衣,https://www.gu-global.com/tw/store/feature/gu/men/coat/,0030038
MEN,外套・大衣,夾克・外套・背心,https://www.gu-global.com/tw/store/feature/gu/men/jacket/,0030039
MEN,外套・大衣,連帽外套,https://www.gu-global.com/tw/store/feature/gu/men/parka/,0030040
MEN,外套・大衣,開襟外套,https://www.gu-global.com/tw/store/feature/gu/men/cardigan/,0030041
MEN,上衣,休閒上衣・連帽上衣,https://www.gu-global.com/tw/store/feature/gu/men/sweat/,0030042
MEN,上衣,襯衫・法蘭絨襯衫,https://www.gu-global.com/tw/store/feature/gu/men/shirts/,0030043
MEN,上衣,針織衫・毛衣,https://www.gu-global.com/tw/store/feature/gu/men/knit/,0030044
MEN,上衣,長袖T恤・設計上衣,https://www.gu-global.com/tw/store/feature/gu/men/longsleevetshirts/,0030045
MEN,上衣,短袖T恤・設計上衣,https://www.gu-global.com/tw/store/feature/gu/men/designtops/,0030046
MEN,上衣,印花T恤,https://www.gu-global.com/tw/store/feature/gu/men/printT/,0030047
MEN,上衣,POLO衫,https://www.gu-global.com/tw/store/feature/gu/men/poloshirt/,0030048
MEN,下身,短褲,https://www.gu-global.com/tw/store/feature/gu/men/shortpants/,0030049
MEN,下身,七分褲・九分褲,https://www.gu-global.com/tw/store/feature/gu/men/croppedpants/,0030050
MEN,下身,束口褲・休閒褲,https://www.gu-global.com/tw/store/feature/gu/men/relaxedpants/,0030051
MEN,下身,牛仔褲,https://www.gu-global.com/tw/store/feature/gu/men/jeans/,0030052
MEN,下身,長褲,https://www.gu-global.com/tw/store/feature/gu/men/pants/,0030053
MEN,下身,商務褲・西裝褲,https://www.gu-global.com/tw/store/feature/gu/men/suitpants/,0030054
MEN,家居&内衣,內衣・內搭褲,https://www.gu-global.com/tw/store/feature/gu/men/innerT/,0030055
MEN,家居&内衣,GU DRY・吸汗快乾,https://www.gu-global.com/tw/store/feature/gu/men/gudry/,0030056
MEN,家居&内衣,GU WARM・保暖發熱,https://www.gu-global.com/tw/store/feature/gu/men/guwarm/,0030057
MEN,家居&内衣,內褲,https://www.gu-global.com/tw/store/feature/gu/men/boxers/,0030058
MEN,家居&内衣,家居系列(家居服・家居鞋),https://www.gu-global.com/tw/store/feature/gu/men/roomwear/,0030059
MEN,家居&内衣,襪子,https://www.gu-global.com/tw/store/feature/gu/men/socks/,0030060
MEN,鞋子/配件,鞋子,https://www.gu-global.com/tw/store/feature/gu/men/shoes/,0030061
MEN,鞋子/配件,包包・後背包,https://www.gu-global.com/tw/store/feature/gu/men/bag/,0030062
MEN,鞋子/配件,皮帶・腰帶,https://www.gu-global.com/tw/store/feature/gu/men/belt/,0030063
MEN,鞋子/配件,帽子/其他配飾,https://www.gu-global.com/tw/store/feature/gu/men/hat/,0030064
KIDS,外套・大衣,女童外套・大衣,https://www.gu-global.com/tw/store/feature/gu/kids/girlsouter/,0030065
KIDS,外套・大衣,男童外套・大衣,https://www.gu-global.com/tw/store/feature/gu/kids/boysouter/,0030066
KIDS,上衣,女童上衣,https://www.gu-global.com/tw/store/feature/gu/kids/girlstops/,0030067
KIDS,上衣,男童上衣,https://www.gu-global.com/tw/store/feature/gu/kids/boystops/,0030068
KIDS,下身,女童下身,https://www.gu-global.com/tw/store/feature/gu/kids/girlsbottoms/,0030069
KIDS,下身,男童下身,https://www.gu-global.com/tw/store/feature/gu/kids/boysbottoms/,0030070
KIDS,家居/內衣/配件,家居&内衣,https://www.gu-global.com/tw/store/feature/gu/kids/roomwear/,0030071
KIDS,家居/內衣/配件,GU WARM・保暖發熱,https://www.gu-global.com/tw/store/feature/gu/kids/guwarm/,0030072
KIDS,家居/內衣/配件,配件/鞋/襪,https://www.gu-global.com/tw/store/feature/gu/kids/goods/,0030073
KIDS,家居/內衣/配件,GU DRY・吸汗快乾,https://www.gu-global.com/tw/store/feature/gu/kids/gudry/,0030074
WOMEN,上衣類,基本短T,https://m.net-fashion.net/category/1781,0070001
WOMEN,上衣類,基本長T,https://m.net-fashion.net/category/1930,0070002
WOMEN,上衣類,印花短T,https://m.net-fashion.net/category/1670,0070003
WOMEN,上衣類,印花長T,https://m.net-fashion.net/category/1932,0070004
WOMEN,上衣類,大學T/連帽T,https://m.net-fashion.net/category/1931,0070005
WOMEN,上衣類,POLO衫,https://m.net-fashion.net/category/526,0070006
WOMEN,上衣類,設計上衣,http://www.net-fashion.net/category/561,0070007
WOMEN,上衣類,基本背心,https://m.net-fashion.net/category/1783,0070008
WOMEN,上衣類,設計背心,https://m.net-fashion.net/category/22,0070009
WOMEN,上衣類,設計短T,https://m.net-fashion.net/category/38,0070010
WOMEN,上衣類,設計長T,https://m.net-fashion.net/category/1940,0070011
WOMEN,上衣類,背心,https://m.net-fashion.net/category/40,0070012
WOMEN,襯衫類,商務襯衫,https://m.net-fashion.net/category/1882,0070013
WOMEN,襯衫類,休閒襯衫,https://m.net-fashion.net/category/1881,0070014
WOMEN,襯衫類,設計襯衫,https://m.net-fashion.net/category/1888,0070015
WOMEN,針織衫/毛衣,big_cat_link,https://m.net-fashion.net/category/1936,0070016
WOMEN,外套夾克,休閒外套,https://m.net-fashion.net/category/1922,0070017
WOMEN,外套夾克,防風外套,https://m.net-fashion.net/category/1926,0070018
WOMEN,外套夾克,抗UV外套,https://m.net-fashion.net/category/1924,0070019
WOMEN,外套夾克,西裝/大衣,https://m.net-fashion.net/category/1923,0070020
WOMEN,外套夾克,仿皮外套,https://m.net-fashion.net/category/1925,0070021
WOMEN,外套夾克,鋪棉外套,https://m.net-fashion.net/category/1967,0070022
WOMEN,外套夾克,極輕羽絨,https://m.net-fashion.net/category/1938,0070023
WOMEN,外套夾克,保暖羽絨,https://m.net-fashion.net/category/1965,0070024
WOMEN,外套夾克,大衣/西裝,https://m.net-fashion.net/category/1918,0070025
WOMEN,下身類,裙裝,https://m.net-fashion.net/category/305,0070026
WOMEN,下身類,短褲,https://m.net-fashion.net/category/26,0070027
WOMEN,下身類,牛仔褲,https://m.net-fashion.net/category/1784,0070028
WOMEN,下身類,西裝褲,https://m.net-fashion.net/category/1907,0070029
WOMEN,下身類,長褲,https://m.net-fashion.net/category/25,0070030
WOMEN,下身類,內搭褲,https://m.net-fashion.net/category/1653,0070031
WOMEN,下身類,束口褲,https://m.net-fashion.net/category/1874,0070032
WOMEN,下身類,休閒褲,https://m.net-fashion.net/category/1711,0070033
WOMEN,洋裝/連身褲,big_cat_link,https://m.net-fashion.net/category/23,0070034
WOMEN,家居/內著,發熱衣褲,https://m.net-fashion.net/category/1955,0070035
WOMEN,家居/內著,家居服,https://m.net-fashion.net/category/1117,0070036
WOMEN,家居/內著,內衣/Bra T,https://m.net-fashion.net/category/1119,0070037
WOMEN,家居/內著,內褲,https://m.net-fashion.net/category/1477,0070038
WOMEN,家居/內著,襪子,https://m.net-fashion.net/category/1785,0070039
WOMEN,家居/內著,毛巾,https://m.net-fashion.net/category/1240,0070040
WOMEN,家居/內著,無側縫內衣,https://m.net-fashion.net/category/1875,0070041
WOMEN,包包/皮夾,肩背包,https://m.net-fashion.net/category/1248,0070042
WOMEN,包包/皮夾,後背包,https://m.net-fashion.net/category/1249,0070043
WOMEN,包包/皮夾,托特包,https://m.net-fashion.net/category/1873,0070044
WOMEN,包包/皮夾,皮夾,https://m.net-fashion.net/category/1250,0070045
WOMEN,包包/皮夾,Disney 迪士尼,https://m.net-fashion.net/category/1160,0070046
WOMEN,包包/皮夾,MARVEL 漫威,https://m.net-fashion.net/category/1284,0070047
WOMEN,包包/皮夾,Kumamon熊本熊,https://m.net-fashion.net/category/1998,0070048
WOMEN,包包/皮夾,基本短T,https://m.net-fashion.net/category/1769,0070049
WOMEN,包包/皮夾,基本長T,https://m.net-fashion.net/category/1906,0070050
WOMEN,包包/皮夾,設計短T,https://m.net-fashion.net/category/38,0070051
WOMEN,包包/皮夾,設計長T,https://m.net-fashion.net/category/1940,0070052
WOMEN,包包/皮夾,大學T/連帽T,https://m.net-fashion.net/category/1943,0070053
WOMEN,包包/皮夾,POLO衫,https://m.net-fashion.net/category/39,0070054
WOMEN,包包/皮夾,背心,https://m.net-fashion.net/category/40,0070055
WOMEN,包包/皮夾,商務襯衫,https://m.net-fashion.net/category/1885,0070056
WOMEN,包包/皮夾,休閒襯衫,https://m.net-fashion.net/category/1886,0070057
WOMEN,包包/皮夾,休閒外套,https://m.net-fashion.net/category/1917,0070058
WOMEN,包包/皮夾,防風外套,https://m.net-fashion.net/category/1916,0070059
WOMEN,包包/皮夾,大衣/西裝,https://m.net-fashion.net/category/1918,0070060
WOMEN,包包/皮夾,仿皮外套,https://m.net-fashion.net/category/1919,0070061
WOMEN,包包/皮夾,極輕羽絨,https://m.net-fashion.net/category/1920,0070062
WOMEN,包包/皮夾,短褲,https://m.net-fashion.net/category/43,0070063
WOMEN,包包/皮夾,牛仔褲,https://m.net-fashion.net/category/1710,0070064
WOMEN,包包/皮夾,西裝褲,https://m.net-fashion.net/category/1712,0070065
WOMEN,包包/皮夾,束口褲,https://m.net-fashion.net/category/1874,0070066
WOMEN,包包/皮夾,休閒褲,https://m.net-fashion.net/category/1711,0070067
WOMEN,包包/皮夾,發熱衣褲,https://m.net-fashion.net/category/1481,0070068
WOMEN,包包/皮夾,無側縫內衣,https://m.net-fashion.net/category/1875,0070069
WOMEN,包包/皮夾,內褲,https://m.net-fashion.net/category/1480,0070070
WOMEN,包包/皮夾,襪子,https://m.net-fashion.net/category/1788,0070071
WOMEN,包包/皮夾,毛巾,https://m.net-fashion.net/category/1263,0070072
WOMEN,圍巾/絲巾,圍巾,https://m.net-fashion.net/category/2010,0070073
WOMEN,圍巾/絲巾,絲巾,https://m.net-fashion.net/category/2011,0070074
WOMEN,帽子,big_cat_link,https://m.net-fashion.net/category/1237,0070075
WOMEN,女鞋,big_cat_link,https://m.net-fashion.net/category/1492,0070076
MEN,上衣類,基本短T,https://m.net-fashion.net/category/1781,0070077
MEN,上衣類,基本長T,https://m.net-fashion.net/category/1930,0070078
MEN,上衣類,印花短T,https://m.net-fashion.net/category/1670,0070079
MEN,上衣類,印花長T,https://m.net-fashion.net/category/1932,0070080
MEN,上衣類,大學T/連帽T,https://m.net-fashion.net/category/1931,0070081
MEN,上衣類,POLO衫,https://m.net-fashion.net/category/526,0070082
MEN,上衣類,設計上衣,http://www.net-fashion.net/category/561,0070083
MEN,上衣類,基本背心,https://m.net-fashion.net/category/1783,0070084
MEN,上衣類,設計背心,https://m.net-fashion.net/category/22,0070085
MEN,上衣類,設計短T,https://m.net-fashion.net/category/38,0070086
MEN,上衣類,設計長T,https://m.net-fashion.net/category/1940,0070087
MEN,上衣類,背心,https://m.net-fashion.net/category/40,0070088
MEN,襯衫類,商務襯衫,https://m.net-fashion.net/category/1882,0070089
MEN,襯衫類,休閒襯衫,https://m.net-fashion.net/category/1881,0070090
MEN,襯衫類,設計襯衫,https://m.net-fashion.net/category/1888,0070091
MEN,針織衫/毛衣,big_cat_link,https://m.net-fashion.net/category/1936,0070092
MEN,外套夾克,休閒外套,https://m.net-fashion.net/category/1922,0070093
MEN,外套夾克,防風外套,https://m.net-fashion.net/category/1926,0070094
MEN,外套夾克,抗UV外套,https://m.net-fashion.net/category/1924,0070095
MEN,外套夾克,西裝/大衣,https://m.net-fashion.net/category/1923,0070096
MEN,外套夾克,仿皮外套,https://m.net-fashion.net/category/1925,0070097
MEN,外套夾克,鋪棉外套,https://m.net-fashion.net/category/1967,0070098
MEN,外套夾克,極輕羽絨,https://m.net-fashion.net/category/1938,0070099
MEN,外套夾克,保暖羽絨,https://m.net-fashion.net/category/1965,0070100
MEN,外套夾克,大衣/西裝,https://m.net-fashion.net/category/1918,0070101
MEN,下身類,裙裝,https://m.net-fashion.net/category/305,0070102
MEN,下身類,短褲,https://m.net-fashion.net/category/26,0070103
MEN,下身類,牛仔褲,https://m.net-fashion.net/category/1784,0070104
MEN,下身類,西裝褲,https://m.net-fashion.net/category/1907,0070105
MEN,下身類,長褲,https://m.net-fashion.net/category/25,0070106
MEN,下身類,內搭褲,https://m.net-fashion.net/category/1653,0070107
MEN,下身類,束口褲,https://m.net-fashion.net/category/1874,0070108
MEN,下身類,休閒褲,https://m.net-fashion.net/category/1711,0070109
MEN,家居/內著,發熱衣褲,https://m.net-fashion.net/category/1955,0070110
MEN,家居/內著,家居服,https://m.net-fashion.net/category/1117,0070111
MEN,家居/內著,內衣/Bra T,https://m.net-fashion.net/category/1119,0070112
MEN,家居/內著,內褲,https://m.net-fashion.net/category/1477,0070113
MEN,家居/內著,襪子,https://m.net-fashion.net/category/1785,0070114
MEN,家居/內著,毛巾,https://m.net-fashion.net/category/1240,0070115
MEN,家居/內著,無側縫內衣,https://m.net-fashion.net/category/1875,0070116
MEN,包包/皮夾,big_cat_link,https://m.net-fashion.net/category/1236,0070117
MEN,帽子,big_cat_link,https://m.net-fashion.net/category/1237,0070118
MEN,皮帶,big_cat_link,https://m.net-fashion.net/category/2038,0070119
MEN,男鞋,big_cat_link,https://m.net-fashion.net/category/1255,0070120
KIDS,kids_girl,上身類,https://m.net-fashion.net/category/1790,0070121
KIDS,kids_girl,羽絨系列,https://m.net-fashion.net/category/1984,0070122
KIDS,kids_girl,外套夾克,https://m.net-fashion.net/category/1793,0070123
KIDS,kids_girl,下身類,https://m.net-fashion.net/category/1795,0070124
KIDS,kids_girl,洋裝/連身褲,https://m.net-fashion.net/category/1797,0070125
KIDS,kids_girl,家居/內著,https://m.net-fashion.net/category/1801,0070126
KIDS,kids_girl,發熱衣褲,https://m.net-fashion.net/category/1956,0070127
KIDS,kids_girl,配件,https://m.net-fashion.net/category/1798,0070128
KIDS,kids_girl,襪子,https://m.net-fashion.net/category/1845,0070129
KIDS,kids_girl,鞋子,https://m.net-fashion.net/category/1799,0070130
KIDS,kids_boy,上身類,https://m.net-fashion.net/category/1792,0070131
KIDS,kids_boy,羽絨系列,https://m.net-fashion.net/category/1985,0070132
KIDS,kids_boy,外套夾克,https://m.net-fashion.net/category/1794,0070133
KIDS,kids_boy,下身類,https://m.net-fashion.net/category/1796,0070134
KIDS,kids_boy,家居/內著,https://m.net-fashion.net/category/1802,0070135
KIDS,kids_boy,發熱衣褲,https://m.net-fashion.net/category/1957,0070136
KIDS,kids_boy,配件,https://m.net-fashion.net/category/1803,0070137
KIDS,kids_boy,襪子,https://m.net-fashion.net/category/1844,0070138
KIDS,kids_boy,鞋子,https://m.net-fashion.net/category/1804,0070139
BABY,baby_girl,上身類,https://m.net-fashion.net/category/1810,0070140
BABY,baby_girl,包臀衣,https://m.net-fashion.net/category/1811,0070141
BABY,baby_girl,外套夾克,https://m.net-fashion.net/category/1819,0070142
BABY,baby_girl,洋裝/連身褲,https://m.net-fashion.net/category/1823,0070143
BABY,baby_girl,套裝,https://m.net-fashion.net/category/1976,0070144
BABY,baby_girl,下身類,https://m.net-fashion.net/category/1822,0070145
BABY,baby_boy,套裝,https://m.net-fashion.net/category/2026,0070146
BABY,baby_boy,上身類,https://m.net-fashion.net/category/1813,0070147
BABY,baby_boy,包臀衣,https://m.net-fashion.net/category/1814,0070148
BABY,baby_boy,外套夾克,https://m.net-fashion.net/category/1816,0070149
BABY,baby_boy,下身類,https://m.net-fashion.net/category/1824,0070150
BABY,baby_boy,家居服,https://m.net-fashion.net/category/1821,0070151
BABY,baby_boy,襪子,https://m.net-fashion.net/category/1817,0070152
WOMEN,外套類,所有外套,https://www.uniqlo.com/tw/special/outerlineup/women/,0010001
WOMEN,外套類,休閒/機能/連帽外套,https://www.uniqlo.com/tw/store/feature/women/outer/casual-outer/,0010002
WOMEN,外套類,風衣/大衣/西裝外套,https://www.uniqlo.com/tw/store/feature/women/outer/jacket/,0010003
WOMEN,外套類,特級極輕羽絨系列,https://www.uniqlo.com/tw/store/feature/women/outer/ultralightdown/,0010004
WOMEN,外套類,羽絨外套‧大衣,https://www.uniqlo.com/tw/store/feature/women/outer/down/,0010005
WOMEN,外套類,刷毛系列,https://www.uniqlo.com/tw/store/feature/women/outer/fleece/,0010006
WOMEN,下身類,所有褲裝,https://www.uniqlo.com/tw/special/bottomscollection/women/,0010007
WOMEN,下身類,牛仔褲,https://www.uniqlo.com/tw/store/feature/women/bottoms/jeans/,0010008
WOMEN,下身類,休閒長褲/防風褲,https://www.uniqlo.com/tw/store/feature/women/bottoms/long-pants/,0010009
WOMEN,下身類,暖褲,https://www.uniqlo.com/tw/store/feature/women/bottoms/warmpants/,0010010
WOMEN,下身類,九分褲‧七分褲,https://www.uniqlo.com/tw/store/feature/women/bottoms/easy-and-gaucho/,0010011
WOMEN,下身類,緊身褲,https://www.uniqlo.com/tw/store/feature/women/bottoms/leggings/,0010012
WOMEN,下身類,寬褲,https://www.uniqlo.com/tw/store/feature/women/bottoms/widepants/,0010013
WOMEN,上衣類,所有上衣,https://www.uniqlo.com/tw/collection/topscollection/women/,0010014
WOMEN,上衣類,短袖/背心,https://www.uniqlo.com/tw/store/feature/women/tops/short-sleeves-and-tank-top/,0010015
WOMEN,上衣類,長袖‧七分袖,https://www.uniqlo.com/tw/store/feature/women/tops/long-and-3-4sleeves-and-cardigan/,0010016
WOMEN,上衣類,襯衫．設計上衣,https://www.uniqlo.com/tw/store/feature/women/tops/shirts-and-blouses/,0010017
WOMEN,上衣類,休閒/連帽上衣/厚T系列,https://www.uniqlo.com/tw/store/feature/women/tops/sweat-collection/,0010018
WOMEN,上衣類,法蘭絨襯衫,https://www.uniqlo.com/tw/store/feature/women/tops/flannel/,0010019
WOMEN,上衣類,針織衫．開襟外套,https://www.uniqlo.com/tw/store/feature/women/tops/knit/,0010020
WOMEN,上衣類,3D針織,https://www.uniqlo.com/tw/store/feature/3dknitspecial/women/,0010021
WOMEN,上衣類,UT印花T恤,https://www.uniqlo.com/tw/store/feature/ut/women/,0010022
WOMEN,洋裝/裙子,洋裝,https://www.uniqlo.com/tw/store/feature/women/tops/dresses/,0010023
WOMEN,洋裝/裙子,裙子,https://www.uniqlo.com/tw/store/feature/women/bottoms/skirt/,0010024
WOMEN,洋裝/裙子,內搭褲,https://www.uniqlo.com/tw/store/feature/women/inner/socks/#anchor06,0010025
WOMEN,內衣類,所有內搭衣,https://www.uniqlo.com/tw/store/feature/women/inner/inner-wear/,0010026
WOMEN,內衣類,無鋼圈美型胸罩,https://www.uniqlo.com/tw/store/feature/women/inner/wireless-bra/,0010027
WOMEN,內衣類,BRATOP罩杯式上衣系列,https://www.uniqlo.com/tw/store/feature/women/inner/bratop/,0010028
WOMEN,內衣類,內褲‧無痕內褲,https://www.uniqlo.com/tw/store/feature/women/inner/shorts/,0010029
WOMEN,內衣類,AIRism系列,https://www.uniqlo.com/tw/store/feature/women/inner/airism/,0010030
WOMEN,內衣類,HEATTECH吸濕發熱衣系列,https://www.uniqlo.com/tw/store/feature/women/inner/heattech/,0010031
WOMEN,家居服,居家生活商品總覽,https://www.uniqlo.com/tw/special/roomwearcollection/women/,0010032
WOMEN,家居服,家居服‧睡衣,https://www.uniqlo.com/tw/store/feature/women/room/lounge-wear/,0010033
WOMEN,家居服,法蘭絨長褲,https://www.uniqlo.com/tw/store/feature/women/room/lounge-wear/#anchor03,0010034
WOMEN,家居服,家居拖鞋,https://www.uniqlo.com/tw/store/feature/women/room/room-shoes/,0010035
WOMEN,家居服,寢具系列,https://www.uniqlo.com/tw/store/feature/women/room/bedding/,0010036
WOMEN,孕婦類,孕婦系列,https://www.uniqlo.com/tw/store/feature/baby/newborn/maternityspecial/,0010037
WOMEN,配件類,所有配件/刷毛毯,https://www.uniqlo.com/tw/store/feature/accessories/all/items/,0010038
WOMEN,配件類,鞋子,https://www.uniqlo.com/tw/store/feature/women/goods/shoes/,0010039
WOMEN,配件類,環保袋/包包,https://www.uniqlo.com/tw/store/feature/women/goods/bag/,0010040
WOMEN,配件類,皮帶,https://www.uniqlo.com/tw/store/feature/women/goods/belt/,0010041
WOMEN,配件類,太陽眼鏡/雨傘/手套/其他,https://www.uniqlo.com/tw/store/feature/women/goods/caphatsunglass,0010042
WOMEN,配件類,襪子,https://www.uniqlo.com/tw/store/feature/women/inner/socks/,0010043
WOMEN,配件類,口罩,https://www.uniqlo.com/tw/store/feature/contentspage/airism-mask/,0010044
MEN,外套類,所有外套,https://www.uniqlo.com/tw/special/outerlineup/men/,0010045
MEN,外套類,休閒/機能/連帽外套,https://www.uniqlo.com/tw/store/feature/men/outer/casual-outer/,0010046
MEN,外套類,風衣/大衣/西裝外套,https://www.uniqlo.com/tw/store/feature/men/outer/jacket-and-coat/,0010047
MEN,外套類,特級極輕羽絨系列,https://www.uniqlo.com/tw/store/feature/men/outer/ultralightdown/,0010048
MEN,外套類,羽絨外套,https://www.uniqlo.com/tw/store/feature/men/outer/down/,0010049
MEN,外套類,刷毛系列,https://www.uniqlo.com/tw/store/feature/men/outer/fleece/,0010050
MEN,下身類,所有褲裝,https://www.uniqlo.com/tw/special/bottomscollection/men/,0010051
MEN,下身類,牛仔褲,https://www.uniqlo.com/tw/store/feature/men/bottoms/jeans/,0010052
MEN,下身類,休閒長褲/防風褲,https://www.uniqlo.com/tw/store/feature/men/bottoms/long-pants/,0010053
MEN,下身類,暖褲,https://www.uniqlo.com/tw/store/feature/men/bottoms/warmpants/,0010054
MEN,下身類,九分褲‧束口褲,https://www.uniqlo.com/tw/store/feature/men/bottoms/easyanklepants/,0010055
MEN,下身類,五分褲‧短褲,https://www.uniqlo.com/tw/store/feature/men/bottoms/short-and-roll-up-pants/,0010056
MEN,下身類,卡其褲,https://www.uniqlo.com/tw/store/feature/men/bottoms/chino/,0010057
MEN,下身類,西裝褲‧感動褲,https://www.uniqlo.com/tw/store/feature/men/bottoms/kandopants/,0010058
MEN,上衣類,所有上衣,https://www.uniqlo.com/tw/collection/topscollection/men/,0010059
MEN,上衣類,短袖‧背心,https://www.uniqlo.com/tw/store/feature/men/tops/short-sleeves-and-tank-top/,0010060
MEN,上衣類,POLO衫,https://www.uniqlo.com/tw/store/feature/men/tops/polo-shirt/,0010061
MEN,上衣類,長袖‧七分袖,https://www.uniqlo.com/tw/store/feature/men/tops/long-t-shirt/,0010062
MEN,上衣類,休閒/連帽上衣/厚T系列,https://www.uniqlo.com/tw/store/feature/men/tops/sweat-collection/,0010063
MEN,上衣類,休閒襯衫,https://www.uniqlo.com/tw/store/feature/men/tops/casual-shirts-long/,0010064
MEN,上衣類,商務襯衫,https://www.uniqlo.com/tw/store/feature/men/tops/dress-shirts-long-and-short/,0010065
MEN,上衣類,法蘭絨襯衫,https://www.uniqlo.com/tw/store/feature/men/tops/flannel/,0010066
MEN,上衣類,針織衫‧開襟外套,https://www.uniqlo.com/tw/store/feature/men/tops/knit/,0010067
MEN,上衣類,UT印花T恤,https://www.uniqlo.com/tw/store/feature/ut/men/,0010068
MEN,內衣類,所有內搭衣,https://www.uniqlo.com/tw/store/feature/men/inner/inner-wear/,0010069
MEN,內衣類,AIRism系列,https://www.uniqlo.com/tw/store/feature/men/inner/airism/,0010070
MEN,內衣類,HEATTECH吸濕發熱衣系列,https://www.uniqlo.com/tw/store/feature/men/inner/heattech/,0010071
MEN,內衣類,內褲,https://www.uniqlo.com/tw/store/feature/men/inner/trunks-and-brief/,0010072
MEN,內衣類,襪子,https://www.uniqlo.com/tw/store/feature/men/inner/socks/,0010073
MEN,家居服,居家生活商品總覽,https://www.uniqlo.com/tw/special/roomwearcollection/men/,0010074
MEN,家居服,家居服‧睡衣,https://www.uniqlo.com/tw/store/feature/men/room/room-wear/,0010075
MEN,家居服,法蘭絨長褲,https://www.uniqlo.com/tw/store/feature/men/room/room-wear/#anchor01,0010076
MEN,家居服,家居拖鞋,https://www.uniqlo.com/tw/store/feature/men/room/room-shoes/,0010077
MEN,家居服,寢具系列,https://www.uniqlo.com/tw/store/feature/women/room/bedding/,0010078
MEN,配件,所有配件/刷毛毯,https://www.uniqlo.com/tw/store/feature/accessories/all/items/,0010079
MEN,配件,鞋子,https://www.uniqlo.com/tw/store/feature/men/goods/shoes/,0010080
MEN,配件,環保袋/包包,https://www.uniqlo.com/tw/store/feature/men/goods/bag/,0010081
MEN,配件,皮帶‧領帶,https://www.uniqlo.com/tw/store/feature/men/goods/belts/,0010082
MEN,配件,太陽眼鏡/雨傘/手套/其他,https://www.uniqlo.com/tw/store/feature/men/goods/cap-and-hat/,0010083
MEN,配件,帽子,https://www.uniqlo.com/tw/store/feature/men/goods/cap-and-hat/#anchor01,0010084
MEN,配件,襪子,https://www.uniqlo.com/tw/store/feature/men/inner/socks/,0010085
MEN,配件,口罩,https://www.uniqlo.com/tw/store/feature/contentspage/airism-mask/,0010086
KIDS,外套類,輕暖空氣外套,https://www.uniqlo.com/tw/store/feature/kids/outer/casualouter/#anchor05,0010087
KIDS,外套類,外套/大衣/背心,https://www.uniqlo.com/tw/store/feature/kids/outer/casualouter/,0010088
KIDS,外套類,刷毛系列,https://www.uniqlo.com/tw/store/feature/kids/outer/fleece/,0010089
KIDS,下身類,長褲/卡其褲,https://www.uniqlo.com/tw/store/feature/kids/bottoms/longpants/,0010090
KIDS,下身類,暖褲,https://www.uniqlo.com/tw/store/feature/kids/bottoms/warmpants/,0010091
KIDS,下身類,短褲,https://www.uniqlo.com/tw/store/feature/kids/bottoms/short/,0010092
KIDS,上衣類,短袖/長袖,https://www.uniqlo.com/tw/store/feature/kids/tops/cut-and-sewn/,0010093
KIDS,上衣類,休閒上衣,https://www.uniqlo.com/tw/store/feature/kids/tops/sweat/,0010094
KIDS,上衣類,襯衫,https://www.uniqlo.com/tw/store/feature/kids/tops/shirts/,0010095
KIDS,上衣類,法蘭絨襯衫,https://www.uniqlo.com/tw/store/feature/kids/tops/flannel/,0010096
KIDS,上衣類,針織衫‧開襟外套,https://www.uniqlo.com/tw/store/feature/kids/tops/knit/,0010097
KIDS,上衣類,UT印花T恤,https://www.uniqlo.com/tw/store/feature/ut/women/,0010098
KIDS,洋裝/裙子,洋裝,https://www.uniqlo.com/tw/store/feature/kids/tops/dresses/,0010099
KIDS,洋裝/裙子,裙子,https://www.uniqlo.com/tw/store/feature/kids/bottoms/skirts/,0010100
KIDS,洋裝/裙子,內搭褲,https://www.uniqlo.com/tw/store/feature/kids/inner/leggings/,0010101
KIDS,內衣類,所有內搭衣,https://www.uniqlo.com/tw/store/feature/kids/inner/tops/,0010102
KIDS,內衣類,AIRism系列,https://www.uniqlo.com/tw/store/feature/kids/inner/airism/,0010103
KIDS,內衣類,HEATTECH吸濕發熱衣系列,https://www.uniqlo.com/tw/store/feature/kids/inner/heattech/,0010104
KIDS,內衣類,內褲,https://www.uniqlo.com/tw/store/feature/kids/inner/brief-and-shorts/,0010105
KIDS,配件類,所有配件,https://www.uniqlo.com/tw/store/feature/accessories/all/items/#anchor06,0010106
KIDS,配件類,褲襪/襪子,https://www.uniqlo.com/tw/store/feature/kids/inner/socks/,0010107
KIDS,家居類,家居服‧睡衣,https://www.uniqlo.com/tw/store/feature/kids/room/loungewear/,0010108
BABY,孕婦裝,孕婦系列,https://www.uniqlo.com/tw/store/feature/baby/newborn/maternity/,0010109
BABY,家居/內衣類,外套,https://www.uniqlo.com/tw/store/feature/baby/toddler/outer/,0010110
BABY,家居/內衣類,刷毛系列,https://www.uniqlo.com/tw/store/feature/baby/toddler/fleece/,0010111
BABY,家居/內衣類,上衣/背心/洋裝,https://www.uniqlo.com/tw/store/feature/baby/toddler/tops/,0010112
BABY,家居/內衣類,UT印花T恤,https://www.uniqlo.com/tw/store/feature/ut/baby-all/,0010113
BABY,家居/內衣類,長褲/暖褲,https://www.uniqlo.com/tw/store/feature/baby/toddler/bottoms/,0010114
BABY,家居/內衣類,內搭褲,https://www.uniqlo.com/tw/store/feature/baby/toddler/leggings/,0010115
BABY,家居/內衣類,內衣,https://www.uniqlo.com/tw/store/feature/baby/toddler/inner-and-loungewear/#anchor08,0010116
BABY,家居/內衣類,棉質網眼系列,https://www.uniqlo.com/tw/store/feature/baby/toddler/inner-and-loungewear/#anchor09,0010117
BABY,家居/內衣類,AIRism系列,https://www.uniqlo.com/tw/store/feature/airism/baby/,0010118
BABY,家居/內衣類,HEATTECH發熱衣系列,https://www.uniqlo.com/tw/store/feature/baby/toddler/heattech/,0010119
BABY,家居/內衣類,家居服‧睡衣,https://www.uniqlo.com/tw/store/feature/baby/toddler/inner-and-loungewear/,0010120
BABY,家居/內衣類,襪子,https://www.uniqlo.com/tw/store/feature/baby/toddler/inner-and-loungewear/#anchor10,0010121
BABY,家居/內衣類,配件,https://www.uniqlo.com/tw/store/feature/baby/toddler/goods/,0010122
BABY,其他,外套,https://www.uniqlo.com/tw/store/feature/baby/toddler/outer/,0010123
BABY,其他,刷毛系列,https://www.uniqlo.com/tw/store/feature/baby/toddler/fleece/,0010124
BABY,其他,上衣/背心/洋裝,https://www.uniqlo.com/tw/store/feature/baby/toddler/tops/,0010125
BABY,其他,UT印花T恤,https://www.uniqlo.com/tw/store/feature/ut/baby-all/,0010126
BABY,其他,長褲/暖褲,https://www.uniqlo.com/tw/store/feature/baby/toddler/bottoms/,0010127
BABY,其他,內搭褲,https://www.uniqlo.com/tw/store/feature/baby/toddler/leggings/,0010128
BABY,其他,內衣,https://www.uniqlo.com/tw/store/feature/baby/toddler/inner-and-loungewear/#anchor08,0010129
BABY,其他,棉質網眼系列,https://www.uniqlo.com/tw/store/feature/baby/toddler/inner-and-loungewear/#anchor09,0010130
BABY,其他,AIRism系列,https://www.uniqlo.com/tw/store/feature/airism/baby/,0010131
BABY,其他,HEATTECH發熱衣系列,https://www.uniqlo.com/tw/store/feature/baby/toddler/heattech/,0010132
BABY,其他,家居服‧睡衣,https://www.uniqlo.com/tw/store/feature/baby/toddler/inner-and-loungewear/,0010133
BABY,其他,襪子,https://www.uniqlo.com/tw/store/feature/baby/toddler/inner-and-loungewear/#anchor10,0010134
BABY,其他,配件,https://www.uniqlo.com/tw/store/feature/baby/toddler/goods/,0010135
